{
    "overall": {
        "Hartree": {
            "r2": 0.9981412391283757,
            "mae": 0.0009966749930754304,
            "mse": 2.3040363430482103e-06,
            "rmse": 0.0014911098405718803,
            "mape": 2.9673087876290083,
            "median_ae": 0.0006670582224614918,
            "max_error": 0.01110756117850542,
            "corr": 0.9991336513274094
        },
        "eV": {
            "r2": 0.9981412393751503,
            "mae": 0.027120918035507202,
            "mse": 0.0017060469835996628,
            "rmse": 0.04057517647743225,
            "mape": 2.9673087565849223,
            "median_ae": 0.01815166138112545,
            "max_error": 0.3022522032260895,
            "corr": 0.999133651413851
        }
    },
    "per_target": {
        "homo_Hartree": {
            "r2": 0.9968170008590184,
            "mae": 0.0007917265756987035,
            "mse": 1.5086894791238592e-06,
            "rmse": 0.0012282872339710593,
            "mape": 0.332156615331769,
            "median_ae": 0.0004881173372268677,
            "max_error": 0.010696500539779663,
            "corr": 0.9984436987135413
        },
        "homo_eV": {
            "r2": 0.9968170010250548,
            "mae": 0.021543988958001137,
            "mse": 0.0011171245714649558,
            "rmse": 0.03342341259121895,
            "mape": 0.3321566618978977,
            "median_ae": 0.013282537460327148,
            "max_error": 0.29106664657592773,
            "corr": 0.9984436988571567
        },
        "lumo_Hartree": {
            "r2": 0.9991705254113799,
            "mae": 0.0009225062094628811,
            "mse": 1.8484718111722032e-06,
            "rmse": 0.0013595852069556713,
            "mape": 8.049362897872925,
            "median_ae": 0.0006364742293953896,
            "max_error": 0.00828968733549118,
            "corr": 0.9996271705124238
        },
        "lumo_eV": {
            "r2": 0.9991705254629705,
            "mae": 0.025102687999606133,
            "mse": 0.0013687198515981436,
            "rmse": 0.03699621558189392,
            "mape": 8.049362897872925,
            "median_ae": 0.01731938123703003,
            "max_error": 0.22557401657104492,
            "corr": 0.9996271705219502
        },
        "gap_Hartree": {
            "r2": 0.9984361911147288,
            "mae": 0.0012757921358570457,
            "mse": 3.55494717041438e-06,
            "rmse": 0.001885456731542945,
            "mape": 0.5204068496823311,
            "median_ae": 0.0008765831589698792,
            "max_error": 0.014336496591567993,
            "corr": 0.9993300847562631
        },
        "gap_eV": {
            "r2": 0.9984361916374257,
            "mae": 0.034716080874204636,
            "mse": 0.002632296411320567,
            "rmse": 0.05130590870976448,
            "mape": 0.5204067099839449,
            "median_ae": 0.023853063583374023,
            "max_error": 0.39011597633361816,
            "corr": 0.9993300848624467
        }
    }
}