{
    "overall": {
        "Hartree": {
            "r2": 0.8452156055945635,
            "mae": 0.019304344430565834,
            "mse": 0.004593567457050085,
            "rmse": 0.036869630217552185,
            "mape": 84.54172862693667,
            "median_ae": 0.00952240638434887,
            "max_error": 0.24340102076530457,
            "corr": 0.9214392210070533
        },
        "eV": {
            "r2": 0.8452156058374853,
            "mae": 0.07728604972362518,
            "mse": 0.014634009450674057,
            "rmse": 0.1163378357887268,
            "mape": 84.5417286735028,
            "median_ae": 0.053061872720718384,
            "max_error": 0.6221871376037598,
            "corr": 0.9214392209960633
        }
    },
    "per_target": {
        "plqy_-": {
            "r2": 0.7976267804323154,
            "mae": 0.068369060754776,
            "mse": 0.018319958820939064,
            "rmse": 0.1353512406349182,
            "mape": 330.42852878570557,
            "median_ae": 0.03144526481628418,
            "max_error": 0.9157992601394653,
            "corr": 0.8955336727782233
        },
        "e_ad_Hartree": {
            "r2": 0.864739122207499,
            "mae": 0.0019593548495322466,
            "mse": 7.312801699299598e-06,
            "rmse": 0.0027042191941291094,
            "mape": 1.963953673839569,
            "median_ae": 0.0016121342778205872,
            "max_error": 0.018102534115314484,
            "corr": 0.9319153495714785
        },
        "e_ad_eV": {
            "r2": 0.8647391279490011,
            "mae": 0.05331678315997124,
            "mse": 0.005414838902652264,
            "rmse": 0.07358559221029282,
            "mape": 1.963953673839569,
            "median_ae": 0.043868422508239746,
            "max_error": 0.49259519577026367,
            "corr": 0.9319153542995694
        },
        "homo_Hartree": {
            "r2": 0.9001769809287378,
            "mae": 0.0027221122290939093,
            "mse": 1.275064732908504e-05,
            "rmse": 0.003570804838091135,
            "mape": 1.3451967388391495,
            "median_ae": 0.002124004065990448,
            "max_error": 0.01212245225906372,
            "corr": 0.9529311224592355
        },
        "homo_eV": {
            "r2": 0.9001769687742617,
            "mae": 0.07407249510288239,
            "mse": 0.009441349655389786,
            "rmse": 0.09716660529375076,
            "mape": 1.3451969251036644,
            "median_ae": 0.05779695510864258,
            "max_error": 0.32986879348754883,
            "corr": 0.9529311128931555
        },
        "lumo_Hartree": {
            "r2": 0.8183195388097019,
            "mae": 0.004166851751506329,
            "mse": 3.424882743274793e-05,
            "rmse": 0.005852249916642904,
            "mape": 4.4292353093624115,
            "median_ae": 0.0029082223773002625,
            "max_error": 0.027579814195632935,
            "corr": 0.9053767392192759
        },
        "lumo_eV": {
            "r2": 0.8183195461943631,
            "mae": 0.11338584870100021,
            "mse": 0.02535989321768284,
            "rmse": 0.15924790501594543,
            "mape": 4.4292353093624115,
            "median_ae": 0.07913684844970703,
            "max_error": 0.7504853010177612,
            "corr": 0.9053767440133057
        }
    }
}